campus,bldgno,bldgname,tstamp,Year,Month,Day,Hour,KW,KWS,CHWTON,HTmmBTU,Combined mmBTU,Combined Tons Carbon,KW#Houses,KWlightbulbs,KWgalsgas,CHWTON#Houses,CHWTONlightbulbs,CHWTONgalsgas,HTmmBTU#Houses,HTmmBTUlightbulbs,HTmmBTUgalsgas,Total#Houses,Totallightbulbs,Totalgalsgas,GHG,DOW,tstamp2
Tempe,, , ,2021,1,1, ,314088.63,40215.99,53915.23,262.53,1981.23,362.13,89740,22434911,8574,54175,13540270,5176,21983,5494389,2100,165898,41469570,461498,148.707,6,2021-01-01T00:00:00.000
Tempe,, , ,2021,1,2, ,298731.38,35060.65,50213.57,278.18,1900.05,347.29,85352,21337964,8154,50455,12610636,4821,23293,5821766,2225,159100,39770366,430412,143.162,7,2021-01-02T00:00:00.000
Tempe,, , ,2021,1,3, ,300096.58,34414.52,49970.61,277.3,1900.92,347.45,85742,21435478,8192,50211,12549620,4797,23220,5803546,2218,159173,39788645,428599,144.269,1,2021-01-03T00:00:00.000
Tempe,, , ,2021,1,4, ,328264.6,45029.04,60280.51,275.96,2119.41,387.38,93790,23447481,8961,60571,15138847,5787,23108,5775455,2208,177468,44361782,513782,153.799,2,2021-01-04T00:00:00.000
Tempe,, , ,2021,1,5, ,319471.93,45436.03,65211.07,260.25,2132.86,389.84,91278,22819432,8721,65525,16377108,6260,21792,5446547,2082,178594,44643087,552381,148.8,3,2021-01-05T00:00:00.000
Tempe,, , ,2021,1,6, ,335200.52,48326.84,66455.86,264.94,2206.17,403.24,95772,23942904,9150,66776,16689725,6380,22185,5544841,2120,184732,46177470,563850,155.766,4,2021-01-06T00:00:00.000
Tempe,, , ,2021,1,7, ,334423,51015.2,67054.37,267.71,2213.46,404.57,95549,23887367,9129,67377,16840034,6437,22417,5602738,2142,185343,46330138,568563,153.894,5,2021-01-07T00:00:00.000
Tempe,, , ,2021,1,8, ,333576.4,43519.23,64228.62,267.89,2176.84,397.88,95308,23826895,9106,64538,16130376,6166,22432,5606534,2143,182277,45563805,545876,157.483,6,2021-01-08T00:00:00.000
Tempe,, , ,2021,1,9, ,324829.7,53618.04,59424.42,269.19,2090.65,382.12,92808,23202131,8867,59711,14923849,5705,22540,5633710,2154,175060,43759690,506603,147.265,7,2021-01-09T00:00:00.000
Tempe,, , ,2021,1,10, ,315048.9,54795.49,60741.32,265.97,2069.85,378.32,90014,22503502,8600,61034,15254576,5831,22271,5566231,2128,173318,43324309,516199,141.318,1,2021-01-10T00:00:00.000
Tempe,, , ,2021,1,11, ,326343.67,53248.97,62196.5,280.09,2139.98,391.14,93241,23310272,8908,62496,15620030,5971,23453,5861864,2241,179190,44792166,528926,148.293,2,2021-01-11T00:00:00.000
Tempe,, , ,2021,1,12, ,336041,53364.6,60070.83,285.13,2152.6,393.45,96012,24002938,9173,60360,15086190,5767,23875,5967319,2281,180247,45056446,512852,153.486,3,2021-01-12T00:00:00.000
Tempe,, , ,2021,1,13, ,331157.7,50912.56,58039.62,291.35,2117.79,387.09,94616,23654131,9040,58319,14576070,5572,24396,6097546,2331,177332,44327746,496134,152.174,4,2021-01-13T00:00:00.000
Tempe,, , ,2021,1,14, ,341691.73,50333.4,66696.82,267.78,2234.04,408.33,97626,24406562,9327,67018,16750238,6403,22422,5604135,2142,187066,46760934,566401,158.208,5,2021-01-14T00:00:00.000
Tempe,, , ,2021,1,15, ,347233.67,53565.32,82211.31,247.11,2418.46,442.04,99210,24802415,9478,82607,20646548,7892,20692,5171700,1977,202509,50620664,691046,159.454,6,2021-01-15T00:00:00.000
Tempe,, , ,2021,1,16, ,343742.62,52575.35,75316.91,244.27,2320.97,424.22,98212,24553054,9383,75680,18915089,7230,20454,5112188,1954,194346,48580332,635556,158.104,7,2021-01-16T00:00:00.000
Tempe,, , ,2021,1,17, ,330314.07,54874.27,80141.56,237.91,2326.68,425.26,94375,23593872,9017,80527,20126751,7694,19921,4978995,1903,194824,48699617,672863,149.563,1,2021-01-17T00:00:00.000
Tempe,, , ,2021,1,18, ,330108.25,49599.25,73038.89,257.08,2259.92,413.06,94317,23579170,9011,73391,18342988,7012,21526,5380244,2057,189234,47302402,616024,152.312,2,2021-01-18T00:00:00.000
Tempe,, , ,2021,1,19, ,352206.3,28874.17,82988.47,214.93,2412.57,440.96,100630,25157603,9614,83388,20841724,7967,17997,4498119,1719,202015,50497446,697738,175.577,3,2021-01-19T00:00:00.000
Tempe,, , ,2021,1,20, ,360743.38,53961.72,93855.84,204.9,2562.08,468.28,103070,25767394,9847,94308,23570956,9010,17157,4288185,1639,214534,53626535,785495,166.588,4,2021-01-20T00:00:00.000
Tempe,, , ,2021,1,21, ,368173.22,45706.02,88750.44,193.15,2514.42,459.58,105192,26298098,10050,89178,22288786,8520,16174,4042364,1545,210544,52629247,745364,175.118,5,2021-01-21T00:00:00.000
Tempe,, , ,2021,1,22, ,354465.57,38005.55,81027.35,204.72,2386.54,436.2,101276,25318980,9676,81418,20349208,7779,17142,4284546,1638,199836,49952734,682265,171.843,6,2021-01-22T00:00:00.000
Tempe,, , ,2021,1,23, ,309162.53,21696.17,62695.22,208.3,2015.55,368.4,88332,22083046,8439,62997,15745278,6019,17442,4359329,1666,168771,42187653,531259,156.098,7,2021-01-23T00:00:00.000
Tempe,, , ,2021,1,24, ,297178.48,21820.49,48591.13,239.1,1836.21,335.62,84908,21227042,8112,48825,12203177,4665,20021,5004013,1913,153754,38434232,417280,149.511,1,2021-01-24T00:00:00.000
Tempe,, , ,2021,1,25, ,325112.83,15393.7,44775.95,292.58,1939.22,354.45,92889,23222354,8875,44992,11245031,4298,24499,6123174,2341,162380,40590559,389445,168.182,2,2021-01-25T00:00:00.000
Tempe,, , ,2021,1,26, ,327321.48,27680.69,42510.48,317.83,1944.83,355.48,93520,23380115,8935,42715,10676081,4081,26614,6651751,2543,162849,40707947,371536,162.697,3,2021-01-26T00:00:00.000
Tempe,, , ,2021,1,27, ,330586.93,54409.31,48809.08,306.9,2020.62,369.33,94453,23613361,9024,49044,12257911,4686,25698,6422999,2455,169196,42294272,422237,149.966,4,2021-01-27T00:00:00.000
Tempe,, , ,2021,1,28, ,340022.55,45981.33,67702.57,259.92,2232.55,408.06,97149,24287335,9282,68029,17002823,6499,21764,5439611,2079,186942,46729768,574286,159.676,5,2021-01-28T00:00:00.000
Tempe,, , ,2021,1,29, ,332064.05,34643.53,65660.01,246.44,2167.41,396.15,94875,23718870,9064,65976,16489856,6303,20636,5157664,1972,181487,45366390,557180,161.497,6,2021-01-29T00:00:00.000
Tempe,, , ,2021,1,30, ,308913.42,63167.62,56126.51,246.68,1974.26,360.85,88261,22065253,8432,56397,14095612,5388,20656,5162638,1973,165313,41323504,478690,133.441,7,2021-01-30T00:00:00.000
Tempe,, , ,2021,1,31, ,318886.4,60649.84,70474.1,243.75,2177.53,398,91110,22777609,8705,70813,17698865,6766,20411,5101396,1950,182335,45577871,594427,140.224,1,2021-01-31T00:00:00.000
Tempe,, , ,2021,2,1, ,353757.25,20374.05,83041.53,235.11,2438.68,445.73,101074,25268385,9657,83441,20855050,7972,19687,4920489,1881,204202,51043924,698313,181.022,2,2021-02-01T00:00:00.000
Tempe,, , ,2021,2,2, ,371727.97,57364.08,102169.13,194.23,2688.65,491.42,106208,26552009,10147,102661,25658757,9808,16264,4064921,1554,225133,56275687,853055,170.696,3,2021-02-02T00:00:00.000
Tempe,, , ,2021,2,3, ,385871.77,51123.2,109228.26,181.59,2808.98,513.41,110249,27562281,10533,109754,27431584,10486,15205,3800388,1453,235209,58794253,910884,181.759,4,2021-02-03T00:00:00.000
Tempe,, , ,2021,2,4, ,364384.08,64477.76,94244.35,218.42,2592.69,473.88,104110,26027444,9947,94698,23668526,9047,18290,4571276,1747,217098,54267246,788954,162.852,5,2021-02-04T00:00:00.000
Tempe,, , ,2021,2,5, ,342758.15,64705.77,73949.6,244.72,2301.65,420.69,97931,24482735,9356,74306,18571701,7099,20491,5121531,1958,192728,48175967,624523,150.989,6,2021-02-05T00:00:00.000
Tempe,, , ,2021,2,6, ,325152.7,64579.65,71595.19,239.44,2208.05,403.58,92901,23225202,8876,71940,17980415,6873,20049,5011041,1915,184890,46216658,603997,141.491,7,2021-02-06T00:00:00.000
Tempe,, , ,2021,2,7, ,319353.75,65301.86,72162.5,238.39,2194.02,401.01,91244,22810991,8717,72510,18122891,6928,19961,4989074,1907,183715,45922956,607979,137.958,1,2021-02-07T00:00:00.000
Tempe,, , ,2021,2,8, ,354320.55,64974.31,81898.26,241.52,2433.29,444.75,101234,25308621,9672,82293,20567930,7862,20223,5054525,1932,203750,50931075,689222,157.122,2,2021-02-08T00:00:00.000
Tempe,, , ,2021,2,9, ,352544.12,47662.85,81810.71,238.78,2423.44,442.95,100727,25181733,9623,82205,20545942,7854,19994,4997250,1910,202926,50724925,688350,165.549,3,2021-02-09T00:00:00.000
Tempe,, , ,2021,2,10, ,358470.37,60776.82,86964.86,222.49,2489.22,454.97,102420,25605037,9785,87384,21840354,8349,18630,4656366,1780,208434,52101757,730151,161.653,4,2021-02-10T00:00:00.000
Tempe,, , ,2021,2,11, ,360602.57,65737.91,84053.64,226.31,2465.38,450.61,103029,25757337,9843,84458,21109231,8069,18950,4736251,1810,206437,51602818,707066,160.112,5,2021-02-11T00:00:00.000
Tempe,, , ,2021,2,12, ,365462.08,60186.08,84651.89,217.09,2479.92,453.27,104418,26104444,9976,85059,21259475,8127,18178,4543348,1737,207655,51907267,712318,165.772,6,2021-02-12T00:00:00.000
Tempe,, , ,2021,2,13, ,343023.75,47208.28,71757.41,220.37,2251.9,411.6,98007,24501706,9364,72103,18021155,6889,18452,4611944,1763,188562,47134805,607009,160.63,7,2021-02-13T00:00:00.000
Tempe,, , ,2021,2,14, ,319895.15,71921.9,66614.35,239,2129.9,389.3,91399,22849663,8732,66935,16729527,6395,20013,5001893,1912,178346,44581083,563646,134.641,1,2021-02-14T00:00:00.000
Tempe,, , ,2021,2,15, ,319756.42,62049.2,60698.72,260.87,2080.31,380.23,91359,22839754,8728,60991,15243877,5827,21844,5459594,2087,174194,43543224,516310,139.94,2,2021-02-15T00:00:00.000
Tempe,, , ,2021,2,16, ,338654.35,61738.73,66750.8,239.78,2196.33,401.44,96758,24189606,9244,67072,16763796,6408,20078,5018212,1918,183908,45971614,566538,150.37,3,2021-02-16T00:00:00.000
Tempe,, , ,2021,2,17, ,339536.57,72920.6,62141.46,262.22,2166.46,395.98,97010,24252622,9268,62441,15606206,5966,21957,5487794,2098,181408,45346623,529750,144.775,4,2021-02-17T00:00:00.000
Tempe,, , ,2021,2,18, ,344748.78,69797.14,60029.43,266.47,2163.16,395.38,98500,24624922,9411,60318,15075792,5763,22313,5576834,2132,181131,45277548,513355,149.308,5,2021-02-18T00:00:00.000
Tempe,, , ,2021,2,19, ,344107.22,73423.24,68910.17,264.53,2265.6,414.1,98316,24579097,9393,69242,17306101,6615,22150,5536210,2116,189709,47421409,584339,146.978,6,2021-02-19T00:00:00.000
Tempe,, , ,2021,2,20, ,341817.37,74084.98,72164.48,249.34,2281.64,417.03,97662,24415537,9331,72512,18123388,6928,20879,5218321,1995,191053,47757246,610152,145.393,7,2021-02-20T00:00:00.000
Tempe,, , ,2021,2,21, ,323608.18,76069.72,68478.17,252.94,2178.87,398.25,92459,23114879,8834,68808,17197608,6574,21180,5293595,2024,182447,45606082,578914,134.405,1,2021-02-21T00:00:00.000
Tempe,, , ,2021,2,22, ,340927.18,74380.48,81220.67,258.06,2396,437.93,97408,24351951,9306,81612,20397758,7797,21609,5400825,2064,200628,50150535,682517,144.761,2,2021-02-22T00:00:00.000
Tempe,, , ,2021,2,23, ,355670.55,73491.8,85152.69,248.41,2483.84,453.99,101620,25405049,9709,85563,21385247,8175,20800,5198752,1987,207983,51989049,715387,153.219,3,2021-02-23T00:00:00.000
Tempe,, , ,2021,2,24, ,376980.65,74210.24,87881.25,242.76,2583.65,472.23,107709,26927200,10290,88304,22070497,8437,20328,5080618,1942,216341,54078315,739261,164.397,4,2021-02-24T00:00:00.000
Tempe,, , ,2021,2,25, ,344109.53,76564.9,72310.9,253.69,2295.57,419.58,98317,24579262,9393,72659,18160159,6942,21242,5309282,2029,192219,48048703,611544,145.274,5,2021-02-25T00:00:00.000
Tempe,, , ,2021,2,26, ,351636.12,73237.3,67406.18,263.4,2272.1,415.29,100467,25116876,9599,67731,16928387,6471,22056,5512497,2107,190254,47557761,573030,151.174,6,2021-02-26T00:00:00.000
Tempe,, , ,2021,2,27, ,322767.17,74555.69,68631.63,259,2183.91,399.17,92219,23054807,8811,68962,17236147,6589,21687,5420449,2072,182869,45711404,580061,134.768,7,2021-02-27T00:00:00.000
Tempe,, , ,2021,2,28, ,429192,70714.28,57760.22,277.51,2435.1,445.09,122626,30656584,11716,58038,14505902,5545,23237,5807867,2220,203902,50970352,503309,131.797,1,2021-02-28T00:00:00.000
Tempe,, , ,2021,3,1, ,429192,62877.3,66850.77,283.3,2549.98,466.09,122626,30656584,11716,67173,16788902,6418,23722,5929077,2266,213521,53374562,576034,153.015,2,2021-03-01T00:00:00.000
Tempe,, , ,2021,3,2, ,429192,63693.11,85508.32,254.98,2745.55,501.83,122626,30656584,11716,85920,21474561,8209,21351,5336386,2040,229897,57467531,725291,160.508,3,2021-03-02T00:00:00.000
Tempe,, , ,2021,3,3, ,429192,62666.86,90001.21,244.51,2788.99,509.77,122626,30656584,11716,90435,22602905,8640,20474,5117196,1956,233535,58376684,761233,161.683,4,2021-03-03T00:00:00.000
Tempe,, , ,2021,3,4, ,429192,63556.35,78720.3,227.37,2636.48,481.89,122626,30656584,11716,79099,19769817,7557,19039,4758490,1819,220764,55184890,670984,157.424,5,2021-03-04T00:00:00.000
Tempe,, , ,2021,3,5, ,429192,68564.46,94208.94,229.35,2824.32,516.22,122626,30656584,11716,94663,23659633,9044,19204,4799907,1835,236493,59116124,794893,159.123,6,2021-03-05T00:00:00.000
Tempe,, , ,2021,3,6, ,429192,79304.65,104316.85,218.13,2934.39,536.34,122626,30656584,11716,104819,26198132,10014,18265,4565057,1745,245710,61419773,875755,148.873,7,2021-03-06T00:00:00.000
Tempe,, , ,2021,3,7, ,429192,70512.01,110089.51,213.98,2999.52,548.24,122626,30656584,11716,110620,27647880,10569,17917,4478228,1712,251163,62782692,921936,153.837,1,2021-03-07T00:00:00.000
Tempe,, , ,2021,3,8, ,429192,77088.79,124611.57,214.95,3174.75,580.26,122626,30656584,11716,125212,31294950,11963,17999,4498596,1720,265837,66450129,1038112,171.166,2,2021-03-08T00:00:00.000
Tempe,, , ,2021,3,9, ,429192,57697.16,89635.8,207.91,2748.01,502.28,122626,30656584,11716,90067,22511136,8605,17410,4351284,1663,230103,57519004,758306,7.897885750000013e+31,3,2021-03-09T00:00:00.000
Tempe,, , ,2021,3,10, ,429192,68863.73,65255.66,221.86,2469.39,451.36,122626,30656584,11716,65570,16388306,6265,18577,4643126,1775,206773,51688017,563267,1.3561248000000032e+32,4,2021-03-10T00:00:00.000
Tempe,, , ,2021,3,11, ,429192,39878.71,40998.64,164.32,2120.77,387.65,122626,30656584,11716,41196,10296399,3936,13759,3438905,1315,177581,44391888,369206,1.023685875000002e+32,5,2021-03-11T00:00:00.000
Tempe,, , ,2021,3,12, ,429192,29821.86,37926.88,192.28,2111.87,386.02,122626,30656584,11716,38109,9524956,3641,16101,4024128,1538,176836,44205668,344635,1.3561248000000032e+32,6,2021-03-12T00:00:00.000
Tempe,, , ,2021,3,13, ,429192,39594.07,34470.81,193.2,2071.31,378.61,122626,30656584,11716,34637,8657000,3309,16178,4043383,1546,173441,43356967,316986,1.3561248000000032e+32,7,2021-03-13T00:00:00.000
Tempe,, , ,2021,3,14, ,429192,58473.95,40686.22,188.82,2141.52,391.44,122626,30656584,11716,40882,10217937,3906,15811,3951798,1511,179320,44826319,366709,1.3561248000000032e+32,1,2021-03-14T00:00:00.000
Tempe,, , ,2021,3,15, ,429192,52231.78,61289.94,189.8,2389.74,436.8,122626,30656584,11716,61585,15392356,5884,15893,3972232,1518,200104,50021172,531538,1.3561248000000032e+32,2,2021-03-15T00:00:00.000
Tempe,, , ,2021,3,16, ,429192,70648.93,51801.35,212.45,2298.53,420.13,122626,30656584,11716,52051,13009391,4973,17789,4446158,1700,192466,48112132,455632,1.3561248000000032e+32,3,2021-03-16T00:00:00.000
Tempe,, , ,2021,3,17, ,429192,79664.3,63820.31,211.63,2441.93,446.34,122626,30656584,11716,64128,16027833,6127,17720,4429013,1693,204474,51113429,551783,1.3455637000000031e+32,4,2021-03-17T00:00:00.000
Tempe,, , ,2021,3,18, ,429192,82988.84,80644.13,194.5,2626.7,480.11,122626,30656584,11716,81032,20252966,7742,16287,4070609,1556,219945,54980159,686372,1.3561248000000032e+32,5,2021-03-18T00:00:00.000
Tempe,, , ,2021,3,19, ,429192,84032.9,86251.47,191.08,2690.56,491.78,122626,30656584,11716,86667,21661194,8280,16000,3998989,1529,225293,56316766,731230,1.3561248000000032e+32,6,2021-03-19T00:00:00.000
Tempe,, , ,2021,3,20, ,429192,83807.84,84930.27,171.25,2654.88,485.26,122626,30656584,11716,85339,21329388,8153,14340,3583980,1370,222305,55569952,720658,1.3561248000000032e+32,7,2021-03-20T00:00:00.000
Tempe,, , ,2021,3,21, ,429192,86392.09,84270.41,185.43,2661.14,486.4,122626,30656584,11716,84676,21163671,8090,15527,3880748,1483,222829,55701002,715381,1.3561248000000032e+32,1,2021-03-21T00:00:00.000
Tempe,, , ,2021,3,22, ,429192,88775.06,72641.87,215.13,2551.3,466.33,122626,30656584,11716,72992,18243280,6974,18014,4502304,1721,213632,53402167,622356,1.3561248000000032e+32,2,2021-03-22T00:00:00.000
Tempe,, , ,2021,3,23, ,429192,33826.52,65643.4,212.38,2464.56,450.48,122626,30656584,11716,65959,16485683,6302,17783,4444740,1699,206369,51587007,566368,4.737019250000001e+31,3,2021-03-23T00:00:00.000
Tempe,, , ,2021,3,24, ,429192,73757.16,70996.51,201.64,2518.06,460.25,122626,30656584,11716,71338,17830064,6816,16884,4219939,1613,210849,52706586,609192,141.116,4,2021-03-24T00:00:00.000
Tempe,, , ,2021,3,25, ,429192,47214.41,71285.65,213.37,2533.27,463.03,122626,30656584,11716,71629,17902678,6843,17867,4465591,1707,212122,53024852,611506,155.905,5,2021-03-25T00:00:00.000
Tempe,, , ,2021,3,26, ,429192,56985.49,64691.9,201.15,2441.92,446.34,122626,30656584,11716,65003,16246723,6210,16843,4209775,1609,204473,51113081,558755,149.285,6,2021-03-26T00:00:00.000
Tempe,, , ,2021,3,27, ,429192,89833.49,75997.98,192.65,2569.09,469.58,122626,30656584,11716,76364,19086132,7296,16131,4031829,1541,215122,53774544,649202,133.266,7,2021-03-27T00:00:00.000
Tempe,, , ,2021,3,28, ,429192,88590.17,96942.46,192.23,2820.01,515.43,122626,30656584,11716,97409,24346130,9306,16097,4023121,1538,236132,59025835,816758,138.494,1,2021-03-28T00:00:00.000
Tempe,, , ,2021,3,29, ,429192,81822.36,112548.11,187.45,3002.5,548.78,122626,30656584,11716,113090,28265332,10805,15696,3923125,1500,251413,62845041,941602,151.783,2,2021-03-29T00:00:00.000
Tempe,, , ,2021,3,30, ,429192,87749.56,110381.88,191.22,2980.27,544.72,122626,30656584,11716,110913,27721307,10597,16012,4002003,1530,249552,62379894,924273,155.232,3,2021-03-30T00:00:00.000
Tempe,, , ,2021,3,31, ,429192,91158.13,117170.15,203.5,3074.01,561.85,122626,30656584,11716,117734,29426111,11248,17040,4258999,1628,257401,64341694,978580,159.082,4,2021-03-31T00:00:00.000
Tempe,, , ,2021,4,1, ,429192,82585.85,141217.2,183.73,3342.8,610.97,122626,30656584,11716,141897,35465287,13557,15384,3845111,1470,279908,69966982,1170953,185.96,5,2021-04-01T00:00:00.000
Tempe,, , ,2021,4,2, ,416829.72,87056.09,151686.68,163.7,3406.23,622.56,119094,29773564,11378,152417,38094592,14562,13708,3426078,1310,285219,71294233,1253520,179.024,6,2021-04-02T00:00:00.000
Tempe,, , ,2021,4,3, ,414659.95,82694.54,147727.23,156.2,3343.8,611.16,118474,29618580,11319,148439,37100217,14182,13079,3269003,1250,279992,69987800,1221636,180.26,7,2021-04-03T00:00:00.000
Tempe,, , ,2021,4,4, ,394991.47,78121.48,150088.43,161.78,3310.61,605.09,112855,28213688,10782,150811,37693209,14408,13547,3385870,1294,277213,69292767,1238638,172.052,1,2021-04-04T00:00:00.000
Tempe,, , ,2021,4,5, ,334534.43,80716.87,153733.76,168.19,3154.47,576.54,95581,23895326,9132,154474,38608697,14758,14083,3519922,1346,264138,66023944,1261997,137.817,2,2021-04-05T00:00:00.000
Tempe,, , ,2021,4,6, ,361055.47,85278.13,153770.02,172.21,3249.43,593.9,103159,25789687,9856,154510,38617803,14762,14420,3604134,1378,272089,68011625,1264833,149.745,3,2021-04-06T00:00:00.000
Tempe,, , ,2021,4,7, ,350830.2,76221.88,147377,190.94,3156.55,576.92,100237,25059310,9577,148087,37012260,14148,15988,3996120,1528,264312,66067690,1212710,149.106,4,2021-04-07T00:00:00.000
Tempe,, , ,2021,4,8, ,359127,70150.91,154284.11,164.19,3241,592.36,102608,25651939,9803,155027,38746911,14811,13749,3436307,1314,271383,67835157,1268760,156.909,5,2021-04-08T00:00:00.000
Tempe,, , ,2021,4,9, ,397712.63,73865.09,156180.04,171,3402.22,621.83,113632,28408056,10856,156932,39223056,14993,14319,3578838,1368,284883,71209950,1287632,175.847,6,2021-04-09T00:00:00.000
Tempe,, , ,2021,4,10, ,410180.7,82245.87,143721.53,170.9,3295.16,602.26,117194,29298633,11197,144414,36094224,13797,14311,3576759,1367,275919,68969617,1189162,178.059,7,2021-04-10T00:00:00.000
Tempe,, , ,2021,4,11, ,391431.28,75613.65,145896.04,167.06,3253.44,594.64,111838,27959388,10685,146599,36640333,14006,13989,3496398,1337,272425,68096118,1204757,171.485,1,2021-04-11T00:00:00.000
Tempe,, , ,2021,4,12, ,498766.55,84340.95,159885.95,154.05,3774.54,689.89,142505,35626196,13615,160656,40153758,15349,12899,3224032,1232,316060,79003987,1326979,225.063,2,2021-04-12T00:00:00.000
Tempe,, , ,2021,4,13, ,514926.13,70545.85,156167.2,156.43,3787.44,692.25,147122,36780452,14056,156919,39219830,14992,13099,3273886,1251,317140,79274168,1298781,241.304,3,2021-04-13T00:00:00.000
Tempe,, , ,2021,4,14, ,467986.35,67408.73,150066.79,160.11,3557.75,650.26,133710,33427610,12775,150789,37687775,14406,13407,3350874,1281,297907,74466259,1245472,217.518,4,2021-04-14T00:00:00.000
Tempe,, , ,2021,4,15, ,395109.5,69750.46,135794.48,168.6,3146.31,575.06,112888,28222118,10785,136448,34103424,13036,14118,3528594,1349,263455,65854137,1124298,176.664,5,2021-04-15T00:00:00.000
Tempe,, , ,2021,4,16, ,380214.82,70858.23,124007.94,179.76,2965.21,541.96,108633,27158213,10379,124605,31143354,11905,15052,3762175,1438,248290,62063741,1028578,167.983,6,2021-04-16T00:00:00.000
Tempe,, , ,2021,4,17, ,377086.8,78433.28,118842.39,176.56,2889.34,528.09,107739,26934782,10293,119415,29846077,11409,14784,3695034,1412,241938,60475893,986953,162.175,7,2021-04-17T00:00:00.000
Tempe,, , ,2021,4,18, ,361024.55,67008.64,121617.13,161.47,2852.74,521.4,103150,25787478,9855,122203,30542927,11675,13520,3379255,1292,238873,59709660,1007607,159.644,1,2021-04-18T00:00:00.000
Tempe,, , ,2021,4,19, ,380419.28,79916.49,134002.32,164.51,3070.58,561.22,108691,27172816,10384,134648,33653343,12864,13775,3442915,1316,257114,64269074,1108551,163.172,2,2021-04-19T00:00:00.000
Tempe,, , ,2021,4,20, ,400806.82,80164.94,141932.14,173.19,3243.99,592.91,114516,28629070,10941,142616,35644838,13625,14502,3624593,1386,271634,67898502,1173947,174.115,3,2021-04-20T00:00:00.000
Tempe,, , ,2021,4,21, ,445029.48,57820.96,125472.05,151.76,3175.93,580.48,127151,31787833,12148,126076,31511051,12045,12708,3176181,1214,265935,66475065,1046510,1.883505e+29,4,2021-04-21T00:00:00.000
Tempe,, , ,2021,4,22, ,793676.82,73961.26,126182.51,153.2,4375.53,799.77,226765,56691224,21665,126790,31689475,12114,12828,3206186,1226,366383,91586885,1085664,9.417525e+28,5,2021-04-22T00:00:00.000
Tempe,, , ,2021,4,23, ,775909.43,68998.95,128916.63,151.31,4345.82,794.34,221688,55422124,21180,129537,32376123,12376,12670,3166690,1210,363896,90964937,1105831,4.708775e+29,6,2021-04-23T00:00:00.000
Tempe,, , ,2021,4,24, ,571367.13,64696.21,135779.91,154.62,3733.57,682.41,163248,40811954,15597,136434,34099767,13035,12947,3235976,1237,312629,78147696,1141101,1.883505e+29,7,2021-04-24T00:00:00.000
Tempe,, , ,2021,4,25, ,610445.42,66001.22,143362.86,160.5,3963.78,724.49,174413,43603262,16663,144053,36004149,13763,13439,3358948,1284,331905,82966360,1205517,3.7670025e+29,1,2021-04-25T00:00:00.000
Tempe,, , ,2021,4,26, ,574417.23,37644.39,126145.9,162.7,3636.44,664.66,164119,41029818,15680,126753,31680281,12110,13623,3404997,1302,304496,76115097,1064323,2.82525e+29,2,2021-04-26T00:00:00.000
Tempe,, , ,2021,4,27, ,794285.7,57780.02,105968.21,163.5,4145.33,757.7,226939,56734716,21682,106478,26612857,10173,13690,3421717,1308,347108,86769290,924010,4.708775e+29,3,2021-04-27T00:00:00.000
Tempe,, , ,2021,4,28, ,462270.95,56513.28,108872.66,160.71,3044.52,556.47,132077,33019367,12619,109397,27342279,10452,13457,3363491,1286,254932,63725137,915371,220.322,4,2021-04-28T00:00:00.000
Tempe,, , ,2021,4,29, ,604805.32,66659.54,140112.76,153.18,3898.22,712.51,172802,43200398,16509,140787,35187920,13451,12827,3205861,1225,326416,81594178,1178974,292.212,5,2021-04-29T00:00:00.000
Tempe,, , ,2021,4,30, ,495814.77,74939.23,161738.36,150.87,3783.52,691.53,141661,35415355,13534,162517,40618971,15527,12633,3157500,1207,316812,79191827,1341515,228.53,6,2021-04-30T00:00:00.000
Tempe,, , ,2021,5,1, ,436856.87,70938.89,165529.38,147.03,3624,662.36,124816,31204075,11925,166326,41571049,15891,12311,3076998,1176,303454,75852122,1366182,198.702,7,2021-05-01T00:00:00.000
Tempe,, , ,2021,5,2, ,394732.5,83200.32,159084.08,153.61,3409.51,623.16,112781,28195190,10775,159850,39952375,15272,12863,3214911,1229,285494,71362476,1310577,169.147,1,2021-05-02T00:00:00.000
Tempe,, , ,2021,5,3, ,396054.08,81642.3,154424.29,149.42,3353.9,613,113158,28289588,10811,155168,38782116,14825,12511,3127078,1195,280838,70198782,1273425,170.718,2,2021-05-03T00:00:00.000
Tempe,, , ,2021,5,4, ,408937.95,81205.14,160952.26,152.29,3479.07,635.87,116839,29209865,11163,161727,40421552,15451,12752,3187197,1218,291319,72818614,1326886,177.962,3,2021-05-04T00:00:00.000
Tempe,, , ,2021,5,5, ,407835.4,73296.18,171955.7,152.16,3607.22,659.29,116524,29131112,11133,172784,43184955,16508,12741,3184484,1217,302049,75500551,1414807,181.655,4,2021-05-05T00:00:00.000
Tempe,, , ,2021,5,6, ,423116.25,79507.31,181695.7,145.9,3769.99,689.04,120890,30222601,11550,182571,45631057,17443,12217,3053550,1167,315678,78907209,1494193,186.578,5,2021-05-06T00:00:00.000
Tempe,, , ,2021,5,7, ,429978.93,84430.86,178855.28,147.6,3761.01,687.4,122851,30712793,11737,179716,44917715,17170,12359,3089060,1181,314927,78719568,1472129,187.635,6,2021-05-07T00:00:00.000
Tempe,, , ,2021,5,8, ,415008.1,82047.66,161507.28,148.13,3502.28,640.12,118574,29643448,11328,162285,40560938,15505,12404,3100132,1185,293262,73304517,1331908,180.792,7,2021-05-08T00:00:00.000
Tempe,, , ,2021,5,9, ,390914.75,81522.29,161019.45,146.07,3412.16,623.64,111690,27922493,10671,161795,40438423,15458,12231,3056948,1169,285716,71417864,1325693,168.003,1,2021-05-09T00:00:00.000
Tempe,, , ,2021,5,10, ,402612.52,81986.22,172183.54,159.69,3599.66,657.91,115032,28758049,10990,173013,43242174,16530,13371,3341953,1277,301416,75342175,1416129,174.098,2,2021-05-10T00:00:00.000
Tempe,, , ,2021,5,11, ,417605.15,82581.33,169136.39,159.05,3613.61,660.46,119316,29828951,11399,169951,42476914,16237,13318,3328574,1272,302584,75634439,1393191,181.908,3,2021-05-11T00:00:00.000
Tempe,, , ,2021,5,12, ,419904.97,80060.76,175837.63,157.96,3700.79,676.39,119973,29993224,11462,176684,44159862,16880,13227,3305820,1264,309884,77458907,1447022,184.531,4,2021-05-12T00:00:00.000
Tempe,, , ,2021,5,13, ,440325.95,80140.34,187100.89,153.12,3900.78,712.95,125807,31451866,12020,188002,46988519,17962,12821,3204454,1225,326630,81644839,1539088,195.591,5,2021-05-13T00:00:00.000
Tempe,, , ,2021,5,14, ,444982.58,80300.33,189569.25,147.09,3940.27,720.16,127138,31784482,12147,190482,47608421,18199,12317,3078368,1177,329936,82471272,1559281,198.039,6,2021-05-14T00:00:00.000
Tempe,, , ,2021,5,15, ,420239.35,82727.89,174847.66,146.73,3678.82,672.38,120068,30017108,11471,175690,43911242,16785,12286,3070810,1174,308044,76999160,1439133,183.281,7,2021-05-15T00:00:00.000
Tempe,, , ,2021,5,16, ,390167.6,82242.31,156304.15,146.74,3353.7,612.96,111476,27869125,10650,157057,39254225,15005,12288,3071125,1174,280821,70194475,1287899,167.204,1,2021-05-16T00:00:00.000
Tempe,, , ,2021,5,17, ,392675.42,81857.92,161839.3,147.63,3429.57,626.82,112193,28048256,10719,162619,40644321,15537,12362,3089643,1181,287173,71782219,1332421,168.772,2,2021-05-17T00:00:00.000
Tempe,, , ,2021,5,18, ,322583.2,82307.66,130227.29,105.65,2769.08,506.11,92167,23041666,8806,130854,32705281,12502,8847,2211152,845,231868,57958099,1072793,130.464,3,2021-05-18T00:00:00.000
Tempe,, , ,2021,5,19, ,244035.45,62118.79,122448.76,79.83,2381.9,435.34,69724,17431111,6661,123038,30751782,11755,6685,1670727,639,199447,49853619,1003021,98.788,4,2021-05-19T00:00:00.000
Tempe,, , ,2021,5,20, ,438289.58,75164.45,189033,146.23,3910.13,714.66,125226,31306411,11964,189943,47473748,18147,12244,3060278,1170,327413,81840436,1554348,197.179,5,2021-05-20T00:00:00.000
Tempe,, , ,2021,5,21, ,408498.55,84471.07,163137.61,163.88,3515.39,642.51,116714,29178480,11151,163923,40970379,15661,13722,3429736,1311,294359,73578594,1344328,175.946,6,2021-05-21T00:00:00.000
Tempe,, , ,2021,5,22, ,381494.77,82486.3,130020.48,170.23,3032.19,554.2,108999,27249638,10414,130647,32653343,12482,14254,3562565,1362,253899,63465546,1076800,162.359,7,2021-05-22T00:00:00.000
Tempe,, , ,2021,5,23, ,360631.4,81892.25,131446.2,175.41,2983.29,545.26,103038,25759396,9844,132079,33011399,12619,14688,3671149,1403,249805,62441944,1086203,151.346,1,2021-05-23T00:00:00.000
Tempe,, , ,2021,5,24, ,388198.85,85946.92,157249.08,168.47,3380.05,617.77,110914,27728500,10597,158006,39491533,15096,14107,3525752,1348,283027,70745786,1295271,164.127,2,2021-05-24T00:00:00.000
Tempe,, , ,2021,5,25, ,419395.67,71746.35,173841.04,162.23,3679.36,672.48,119827,29956846,11448,174678,43658438,16689,13584,3395110,1298,308089,77010394,1431001,188.774,3,2021-05-25T00:00:00.000
Tempe,, , ,2021,5,26, ,429811.37,59663.31,178589.47,157.03,3766.68,688.44,122803,30700825,11733,179449,44850961,17145,13149,3286462,1256,315402,78838247,1469987,200.997,4,2021-05-26T00:00:00.000
Tempe,, , ,2021,5,27, ,433208.58,83246.52,181138.99,152.53,3804.36,695.33,123774,30943482,11825,182011,45491245,17389,12772,3192121,1220,318557,79626848,1490709,190.027,5,2021-05-27T00:00:00.000
Tempe,, , ,2021,5,28, ,439799.25,83393.05,188102.23,149.8,3907.68,714.21,125657,31414245,12005,189008,47239994,18058,12543,3135027,1198,327208,81789265,1547047,193.515,6,2021-05-28T00:00:00.000
Tempe,, , ,2021,5,29, ,441194.57,84009.16,180893.99,145.17,3821.31,698.42,126056,31513911,12043,181765,45429715,17366,12156,3038122,1161,319976,79981749,1489515,193.957,7,2021-05-29T00:00:00.000
Tempe,, , ,2021,5,30, ,414523.4,80333.24,179559.34,139.74,3708.86,677.87,118435,29608826,11315,180424,45094533,17238,11701,2924466,1118,310560,77627826,1476277,181.462,1,2021-05-30T00:00:00.000
Tempe,, , ,2021,5,31, ,407311.18,79169.28,183158.1,133.19,3720.89,680.07,116375,29093667,11118,184040,45998325,17583,11153,2787479,1066,311567,77879470,1504374,178.178,2,2021-05-31T00:00:00.000
Tempe,, , ,2021,6,1, ,463005.5,78229.33,205546.54,130.18,4176.58,763.35,132287,33071835,12639,206536,51620958,19732,10900,2724431,1041,349724,87417224,1688827,208.929,3,2021-06-01T00:00:00.000
Tempe,, , ,2021,6,2, ,483458.83,74839.82,210615.34,131.5,4308.51,787.47,138131,34532787,13197,211629,52893935,20219,11011,2752085,1052,360772,90178807,1731341,221.88,4,2021-06-02T00:00:00.000
Tempe,, , ,2021,6,3, ,480910.05,77999.74,219519.93,135.93,4411.11,806.22,137403,34350732,13127,220577,55130235,21074,11382,2844863,1087,369362,92325829,1802333,218.778,5,2021-06-03T00:00:00.000
Tempe,, , ,2021,6,4, ,484455.33,72273.18,225594.57,144.47,4504.64,823.31,138416,34603966,13224,226681,56655819,21657,12098,3023617,1156,377194,94283401,1851271,223.816,6,2021-06-04T00:00:00.000
Tempe,, , ,2021,6,5, ,466865.63,78867.84,210879.06,140.4,4263.96,779.32,133390,33347558,12744,211894,52960168,20244,11756,2938340,1123,357041,89246067,1731859,210.684,7,2021-06-05T00:00:00.000
Tempe,, , ,2021,6,6, ,436559.85,80582.46,201058.83,143.55,4045.86,739.46,124731,31182859,11917,202027,50493913,19302,12020,3004281,1148,338778,84681054,1650388,193.283,1,2021-06-06T00:00:00.000
Tempe,, , ,2021,6,7, ,445334.57,78852.7,209529.7,149.48,4183.38,764.59,127238,31809625,12156,210539,52621289,20115,12517,3128391,1196,350294,87559305,1718998,199.003,2,2021-06-07T00:00:00.000
Tempe,, , ,2021,6,8, ,449547.55,82024.45,200043.23,146.15,4080.59,745.81,128442,32110552,12271,201006,50238856,19204,12238,3058789,1169,341687,85408196,1643510,199.57,3,2021-06-08T00:00:00.000
Tempe,, , ,2021,6,9, ,457597.37,76736.87,206437.61,141.44,4180.08,763.99,130742,32685540,12491,207432,51844741,19818,11843,2960076,1132,350017,87490357,1695438,206.806,4,2021-06-09T00:00:00.000
Tempe,, , ,2021,6,10, ,465027.62,78358.96,207837.25,131.41,4212.19,769.86,132865,33216272,12694,208838,52196247,19952,11003,2750143,1051,352706,88162662,1707347,209.958,5,2021-06-10T00:00:00.000
Tempe,, , ,2021,6,11, ,455597.38,82440.23,202445.23,147.58,4131.49,755.11,130171,32542683,12436,203420,50842096,19435,12358,3088679,1181,345949,86473458,1663307,202.624,6,2021-06-11T00:00:00.000
Tempe,, , ,2021,6,12, ,451523.95,79752.51,196546.89,148.7,4047.93,739.84,129007,32251724,12325,197493,49360787,18869,12452,3112127,1190,338952,84724638,1615730,201.872,7,2021-06-12T00:00:00.000
Tempe,, , ,2021,6,13, ,449420.85,75488.98,211049.51,143.99,4210.07,769.47,128406,32101502,12268,212066,53002973,20261,12057,3013459,1152,352529,88117935,1731548,203.037,1,2021-06-13T00:00:00.000
Tempe,, , ,2021,6,14, ,487253.35,57295.27,244601.76,129.08,4726.88,863.92,139215,34803825,13301,245780,61429285,23482,10808,2701359,1033,395803,98934469,2003595,233.47,2,2021-06-14T00:00:00.000
Tempe,, , ,2021,6,15, ,512650.88,67651.19,256162.81,120.27,4943.46,903.51,146472,36617934,13994,257396,64332729,24592,10071,2517131,962,413939,103467794,2098521,241.635,3,2021-06-15T00:00:00.000
Tempe,, , ,2021,6,16, ,530071.22,70654.53,267151.22,118.63,5133.12,938.17,151449,37862246,14469,268438,67092357,25647,9933,2482682,949,429820,107437284,2188100,249.461,4,2021-06-16T00:00:00.000
Tempe,, , ,2021,6,17, ,537681.63,70902.93,279338.21,120.87,5307.58,970.06,153623,38405846,14677,280683,70152999,26816,10121,2529695,967,444428,111088540,2286326,253.461,5,2021-06-17T00:00:00.000
Tempe,, , ,2021,6,18, ,541797.18,74577.89,280004.89,121.07,5329.82,974.12,154799,38699814,14789,281353,70320427,26880,10138,2533840,969,446290,111554081,2292055,253.701,6,2021-06-18T00:00:00.000
Tempe,, , ,2021,6,19, ,537039.85,73842.31,269111.61,118.82,5180.62,946.86,153440,38360005,14660,270407,67584691,25835,9950,2486802,951,433797,108431497,2204452,251.515,7,2021-06-19T00:00:00.000
Tempe,, , ,2021,6,20, ,506060.68,75068.24,270455.48,121.55,5093.76,930.98,144589,36147206,13814,271758,67922189,25964,10178,2543779,972,426524,106613174,2212229,234.031,1,2021-06-20T00:00:00.000
Tempe,, , ,2021,6,21, ,523733.45,76727.86,283805.31,124.48,5317.2,971.81,149638,37409547,14296,285172,71274866,27245,10424,2605263,996,445234,111289676,2320724,242.728,2,2021-06-21T00:00:00.000
Tempe,, , ,2021,6,22, ,521384.93,60098.51,270778.45,125.01,5153.39,941.88,148967,37241795,14232,272082,68003300,25995,10468,2616240,1000,431517,107861335,2216284,250.468,3,2021-06-22T00:00:00.000
Tempe,, , ,2021,6,23, ,512395.45,25775.2,267659.08,129.71,5089.99,930.29,146399,36599690,13987,268948,67219901,25695,10861,2714688,1038,426208,106534278,2190467,264.237,4,2021-06-23T00:00:00.000
Tempe,, , ,2021,6,24, ,518676.95,74296.15,267874.92,127.7,5112,934.31,148193,37048368,14158,269165,67274108,25716,10693,2672585,1022,428051,106995061,2192797,241.299,5,2021-06-24T00:00:00.000
Tempe,, , ,2021,6,25, ,502199.3,75455.11,250410.39,124.46,4842.96,885.14,143486,35871393,13709,251616,62888065,24039,10421,2604653,996,405523,101364111,2051499,231.721,6,2021-06-25T00:00:00.000
Tempe,, , ,2021,6,26, ,481757.73,72858.15,225715.15,127.23,4479.64,818.74,137645,34411280,13151,226802,56686102,21669,10654,2662781,1018,375101,93760163,1851975,222.021,7,2021-06-26T00:00:00.000
Tempe,, , ,2021,6,27, ,476689,72412.32,240904.52,122.71,4640.09,848.06,136197,34049228,13012,242064,60500760,23127,10275,2568035,982,388536,97118023,1973003,219.518,1,2021-06-27T00:00:00.000
Tempe,, , ,2021,6,28, ,507790.75,73193.96,266109.9,118.43,5044.4,921.96,145083,36270782,13861,267391,66830842,25547,9917,2478581,947,422391,105580205,2177631,235.993,2,2021-06-28T00:00:00.000
Tempe,, , ,2021,6,29, ,521166.08,72065.35,261684.78,121.88,5040.39,921.23,148905,37226163,14226,262945,65719516,25122,10206,2550762,975,422055,105496440,2143514,243.853,3,2021-06-29T00:00:00.000
Tempe,, , ,2021,6,30, ,535025.92,69726.1,282148.03,124.81,5336.17,975.28,152865,38216153,14605,283507,70858656,27086,10451,2611984,998,446822,111686793,2308550,252.662,4,2021-06-30T00:00:00.000
Tempe,, , ,2021,7,1, ,543776.9,70663.7,292969.04,125.62,5496.69,1004.62,155365,38841223,14843,294380,73576245,28125,10519,2629041,1005,460263,115046508,2395958,256.9,5,2021-07-01T00:00:00.000
Tempe,, , ,2021,7,2, ,567424.25,48787.04,312999.88,173.57,5865.7,1072.06,162121,40530320,15489,314507,78606789,30048,14534,3632525,1389,491162,122769634,2558479,281.625,6,2021-07-02T00:00:00.000
Tempe,, , ,2021,7,3, ,564260.43,58239.29,301845.1,124.68,5672.15,1036.69,161217,40304332,15403,303299,75805378,28977,10440,2609273,997,474955,118718984,2468933,274.762,7,2021-07-03T00:00:00.000
Tempe,, , ,2021,7,4, ,546334.05,65017.83,306666.55,126.96,5671.12,1036.5,156095,39023876,14913,308143,77016237,29440,10631,2657000,1016,474869,118697113,2505783,261.352,1,2021-07-04T00:00:00.000
Tempe,, , ,2021,7,5, ,514745.93,62143.78,281680.68,124.78,5261.33,961.6,147070,36767581,14051,283037,70741286,27041,10448,2611439,998,440556,110120306,2302865,245.767,2,2021-07-05T00:00:00.000
Tempe,, , ,2021,7,6, ,553820.72,69729.49,274066.6,125.6,5304.11,969.43,158234,39558639,15118,275386,68829086,26310,10517,2628613,1005,444138,111016338,2245703,262.857,3,2021-07-06T00:00:00.000
Tempe,, , ,2021,7,7, ,556672.32,72460.25,280160.41,125.24,5386.61,984.5,159049,39762325,15195,281509,70359487,26895,10487,2621166,1002,451046,112742978,2294727,262.935,4,2021-07-07T00:00:00.000
Tempe,, , ,2021,7,8, ,620663.7,71026.39,330860.82,120.95,6209.07,1134.82,177332,44333139,16942,332454,83092387,31763,10128,2531276,968,519914,129956802,2706472,298.455,5,2021-07-08T00:00:00.000
Tempe,, , ,2021,7,9, ,636057.87,69233.13,348730,122.03,6477.11,1183.81,181731,45432724,17362,350409,87580052,33478,10218,2553854,976,542358,135566629,2850903,307.789,6,2021-07-09T00:00:00.000
Tempe,, , ,2021,7,10, ,613304.35,69691.63,324743.43,119.62,6109.22,1116.57,175230,43807471,16741,326307,81556064,31175,10016,2503407,957,511553,127866942,2656826,295.186,7,2021-07-10T00:00:00.000
Tempe,, , ,2021,7,11, ,567640.95,66193.14,310850.4,119.2,5786.28,1057.55,162183,40545798,15495,312347,78066969,29842,9982,2494754,954,484512,121107522,2541299,272.287,1,2021-07-11T00:00:00.000
Tempe,, , ,2021,7,12, ,585318.37,68545.64,321725.48,116.4,5974.29,1091.91,167234,41808472,15977,323275,80798136,30886,9746,2435986,931,500255,125042594,2629996,280.609,2,2021-07-12T00:00:00.000
Tempe,, , ,2021,7,13, ,605129.22,63249.53,323362.48,113.54,6058.67,1107.33,172894,43223533,16518,324919,81209252,31043,9507,2376175,908,507321,126808960,2644993,294.239,3,2021-07-13T00:00:00.000
Tempe,, , ,2021,7,14, ,595607.13,49260.6,315943.1,121.46,5945.07,1086.57,170173,42543383,16258,317464,79345950,30331,10170,2541961,972,497808,124431294,2584725,296.661,4,2021-07-14T00:00:00.000
Tempe,, , ,2021,7,15, ,600610.45,56040.56,322062.85,118.39,6032.51,1102.55,171603,42900764,16395,323614,80882864,30918,9913,2477618,947,505130,126261246,2634163,295.709,5,2021-07-15T00:00:00.000
Tempe,, , ,2021,7,16, ,590597.35,48985.65,310026.63,116.64,5852.17,1069.59,168742,42185542,16122,311519,77860087,29763,9767,2441169,933,490029,122486797,2536912,294.091,6,2021-07-16T00:00:00.000
Tempe,, , ,2021,7,17, ,553721.15,60808.66,283140.31,113.64,5400.7,987.08,158206,39551527,15115,284504,71107857,27181,9515,2378253,909,452225,113037637,2318282,267.645,7,2021-07-17T00:00:00.000
Tempe,, , ,2021,7,18, ,549623.85,56097.49,298947.68,111.71,5574.48,1018.83,157035,39258862,15003,300387,75077719,28699,9354,2337877,894,466776,116674459,2444347,267.986,1,2021-07-18T00:00:00.000
Tempe,, , ,2021,7,19, ,586154.78,62868.54,317876.2,110.82,5925.38,1082.97,167473,41868215,16000,319407,79831429,30516,9280,2319359,887,496159,124019003,2599282,284.129,2,2021-07-19T00:00:00.000
Tempe,, , ,2021,7,20, ,626626.77,71494.5,333738.27,108.5,6251.5,1142.57,179036,44759073,17105,335345,83815030,32039,9085,2270685,868,523466,130844789,2730063,301.44,3,2021-07-20T00:00:00.000
Tempe,, , ,2021,7,21, ,636830.75,59092.32,332823.47,108.27,6275.11,1146.89,181952,45487929,17384,334426,83585288,31951,9066,2265862,866,525443,131339079,2723724,313.715,4,2021-07-21T00:00:00.000
Tempe,, , ,2021,7,22, ,621395.55,67017.15,326762.07,112.86,6154.29,1124.81,177542,44385414,16962,328335,82063028,31369,9450,2361885,903,515327,128810327,2673752,301.027,5,2021-07-22T00:00:00.000
Tempe,, , ,2021,7,23, ,552064.3,4990.64,277201.92,125.3,5335.45,975.15,157733,39433180,15070,278537,69616490,26611,10492,2622347,1002,446761,111672016,2270617,297.061,6,2021-07-23T00:00:00.000
Tempe,, , ,2021,7,24, ,512179.55,32688.06,250130.74,124.64,4873.84,890.79,146337,36584268,13981,251335,62817833,24013,10437,2608512,997,408109,102010614,2050220,260.371,7,2021-07-24T00:00:00.000
Tempe,, , ,2021,7,25, ,486403.25,23090.34,249871.77,125.93,4784.07,874.38,138972,34743103,13277,251075,62752796,23988,10545,2635597,1007,400592,100131496,2045673,251.579,1,2021-07-25T00:00:00.000
Tempe,, , ,2021,7,26, ,517851.95,60790.08,264256.47,118.05,5056.11,924.1,147958,36989440,14136,265529,66365371,25369,9885,2470567,944,423371,105825378,2163769,248.199,2,2021-07-26T00:00:00.000
Tempe,, , ,2021,7,27, ,553347.58,62511.3,273027.9,116.97,5281.4,965.28,158099,39524843,15105,274343,68568226,26211,9794,2447941,936,442236,110541009,2237348,266.512,3,2021-07-27T00:00:00.000
Tempe,, , ,2021,7,28, ,572473.52,68575.87,283919.48,114.56,5474.96,1000.65,163564,40890982,15627,285287,71303538,27256,9593,2397572,916,458443,114592093,2326316,273.624,4,2021-07-28T00:00:00.000
Tempe,, , ,2021,7,29, ,573670.5,45027.2,286588.12,115.22,5511.72,1007.37,163906,40976481,15659,287968,71973739,27512,9647,2411266,922,461521,115361486,2347780,287.054,5,2021-07-29T00:00:00.000
Tempe,, , ,2021,7,30, ,573147.47,69887.29,289773.98,114.26,5547.21,1013.86,163756,40939122,15645,291169,72773838,27818,9568,2391379,914,464494,116104339,2373216,273.272,6,2021-07-30T00:00:00.000
Tempe,, , ,2021,7,31, ,574131.77,65629.91,293305.48,114.93,5593.62,1022.34,164038,41009429,15672,294718,73660737,28157,9624,2405380,919,468379,117075546,2401563,276.122,7,2021-07-31T00:00:00.000
Tempe,, , ,2021,8,1, ,553827.2,60730.33,297494.08,111.94,5571.61,1018.31,158236,39559102,15118,298927,74712662,28559,9373,2342714,896,466536,116614477,2433122,267.76,1,2021-08-01T00:00:00.000
Tempe,, , ,2021,8,2, ,586029,65927.03,316055.95,110.65,5902.93,1078.87,167437,41859231,15997,317578,79374291,30341,9265,2315682,885,494280,123549204,2584708,282.419,2,2021-08-02T00:00:00.000
Tempe,, , ,2021,8,3, ,617687.3,65518.53,316325.65,108.52,6012.06,1098.82,176482,44120539,16861,317849,79442024,30367,9087,2271112,868,503418,125833675,2589904,299.833,3,2021-08-03T00:00:00.000
Tempe,, , ,2021,8,4, ,584063.57,65954.71,287986.45,109.11,5557.86,1015.8,166875,41718843,15943,289373,72324918,27647,9136,2283506,873,465385,116327267,2359964,281.331,4,2021-08-04T00:00:00.000
Tempe,, , ,2021,8,5, ,616444.45,65300.22,318317.83,109.21,6032.42,1102.54,176127,44031764,16827,319851,79942340,30559,9145,2285555,874,505122,126259660,2605722,299.257,5,2021-08-05T00:00:00.000
Tempe,, , ,2021,8,6, ,638412.17,62478.19,338527.3,108.15,6348.83,1160.36,182403,45600888,17427,340157,85017746,32499,9056,2263426,865,531617,132882060,2769506,312.735,6,2021-08-06T00:00:00.000
Tempe,, , ,2021,8,7, ,602876.67,65934.68,300458.13,110.95,5773.55,1055.23,172250,43062637,16457,301905,75457054,28844,9291,2322087,888,483446,120841778,2461543,291.56,7,2021-08-07T00:00:00.000
Tempe,, , ,2021,8,8, ,570756.48,68327.29,300064.25,111.51,5659.78,1034.43,163073,40768336,15580,301509,75358136,28806,9337,2333639,892,473919,118460110,2455308,272.804,1,2021-08-08T00:00:00.000
Tempe,, , ,2021,8,9, ,566872.17,28240.74,297085.28,116.67,5615.94,1026.42,161963,40490886,15474,298516,74609996,28520,9770,2441773,933,470249,117542655,2431104,292.484,2,2021-08-09T00:00:00.000
Tempe,, , ,2021,8,10, ,599226.7,55515.25,297943.43,115.9,5735.87,1048.34,171208,42801924,16357,299378,74825512,28603,9705,2425661,927,480291,120053097,2441075,295.232,3,2021-08-10T00:00:00.000
Tempe,, , ,2021,8,11, ,593839.85,64133.07,306301.27,117.85,5819.74,1063.66,169669,42417149,16210,307776,76924502,29405,9868,2466495,943,487313,121808147,2507421,287.622,4,2021-08-11T00:00:00.000
Tempe,, , ,2021,8,12, ,601122.52,63782.57,304843.4,116.39,5825.63,1064.74,171749,42937340,16409,306311,76558371,29265,9746,2435840,931,487806,121931552,2496457,291.779,5,2021-08-12T00:00:00.000
Tempe,, , ,2021,8,13, ,596577.2,60780.37,311322.48,111.92,5883.39,1075.3,170451,42612674,16285,312822,78185526,29887,9371,2342210,895,492643,123140410,2547853,290.934,6,2021-08-13T00:00:00.000
Tempe,, , ,2021,8,14, ,594691.05,67767.26,297828.07,118.83,5721.94,1045.79,169912,42477949,16233,299262,74796541,28591,9950,2486950,951,479124,119761440,2439717,286.114,7,2021-08-14T00:00:00.000
Tempe,, , ,2021,8,15, ,590759.1,65334.53,314637.55,115.43,5906.83,1079.58,168788,42197095,16126,316153,79018074,30205,9665,2415740,923,494606,123630910,2573815,285.307,1,2021-08-15T00:00:00.000
Tempe,, , ,2021,8,16, ,634217.48,64207.76,346017.43,117.47,6433.72,1175.88,181205,45301266,17312,347684,86898817,33218,9837,2458547,940,538725,134658630,2829025,309.518,2,2021-08-16T00:00:00.000
Tempe,, , ,2021,8,17, ,592809.23,63879.36,300031.76,119.83,5742.96,1049.63,169374,42343533,16182,301476,75349975,28803,10034,2507859,959,480884,120201367,2457166,287.214,3,2021-08-17T00:00:00.000
Tempe,, , ,2021,8,18, ,608633.28,49709.72,313164.16,121.44,5956.15,1088.6,173895,43473823,16614,314672,78648047,30064,10169,2541498,971,498736,124663367,2563744,303.503,4,2021-08-18T00:00:00.000
Tempe,, , ,2021,8,19, ,576181.65,71885.35,284201.44,122.77,5499.2,1005.08,164623,41155849,15728,285570,71374351,27283,10280,2569351,982,460473,115099550,2328928,273.834,5,2021-08-19T00:00:00.000
Tempe,, , ,2021,8,20, ,572628.08,71882.06,279947.29,121.7,5434.96,993.34,163608,40902022,15631,281295,70305961,26875,10190,2546973,974,455094,113754955,2294554,271.917,6,2021-08-20T00:00:00.000
Tempe,, , ,2021,8,21, ,553237.87,74904.55,262380.96,119.23,5155.52,942.27,158068,39517007,15102,263644,65894353,25189,9983,2495196,954,431696,107906556,2152162,259.739,7,2021-08-21T00:00:00.000
Tempe,, , ,2021,8,22, ,515874.12,74144.81,246939.82,117.82,4841.33,884.85,147393,36848167,14082,248129,62016466,23706,9865,2465681,943,405387,101330313,2025046,239.86,1,2021-08-22T00:00:00.000
Tempe,, , ,2021,8,23, ,533972.93,74540.2,257990.9,120.57,5038.45,920.87,152564,38140938,14576,259233,64791834,24767,10096,2523258,965,421892,105456030,2115192,249.476,2,2021-08-23T00:00:00.000
Tempe,, , ,2021,8,24, ,561980.93,71819.19,262008.84,116.61,5178.27,946.43,160566,40141511,15340,263270,65800899,25153,9764,2440385,933,433600,108382794,2150024,266.155,3,2021-08-24T00:00:00.000
Tempe,, , ,2021,8,25, ,592529.45,71196.07,290295.3,113.31,5618.65,1026.92,169294,42323549,16174,291693,72904762,27868,9488,2371471,907,470475,117599782,2379247,283.085,4,2021-08-25T00:00:00.000
Tempe,, , ,2021,8,26, ,613403.1,70546.05,302567.33,111.86,5835.69,1066.58,175258,43814525,16744,304024,75986760,29046,9367,2341119,895,488649,122142404,2479427,294.749,5,2021-08-26T00:00:00.000
Tempe,, , ,2021,8,27, ,606346.83,70668.82,301772.46,110.59,5800.8,1060.21,173242,43310505,16551,303226,75787136,28970,9260,2314443,885,485728,121412084,2472391,290.867,6,2021-08-27T00:00:00.000
Tempe,, , ,2021,8,28, ,596493.43,69992.8,290199.99,109.09,5626.81,1028.41,170427,42606690,16282,291597,72880824,27859,9135,2283132,873,471159,117770647,2378865,285.896,7,2021-08-28T00:00:00.000
Tempe,, , ,2021,8,29, ,559630.63,68903.73,290434.7,109.64,5504.39,1006.03,159894,39973632,15276,291833,72939771,27882,9180,2294514,877,460908,115207917,2377204,266.464,1,2021-08-29T00:00:00.000
Tempe,, , ,2021,8,30, ,588115.97,50214.8,306393.08,111.91,5795.36,1059.21,168033,42008301,16054,307868,76947557,29414,9370,2342009,895,485272,121297866,2507605,292.081,2,2021-08-30T00:00:00.000
Tempe,, , ,2021,8,31, ,622787.45,42084.46,311821.15,115.98,5982.88,1093.48,177939,44484836,17000,313323,78310764,29935,9712,2427328,928,500974,125222928,2554359,315.326,3,2021-08-31T00:00:00.000
Tempe,, , ,2021,9,1, ,598799.35,65164.86,301581.7,118.74,5780.91,1056.57,171086,42771399,16345,303034,75739228,28952,9943,2485053,950,484062,120995680,2470141,289.757,4,2021-09-01T00:00:00.000
Tempe,, , ,2021,9,2, ,598199.52,54865.31,300200.2,120.8,5764.35,1053.54,170914,42728555,16329,301646,75392278,28819,10115,2528208,966,482675,120649041,2459031,295.032,5,2021-09-02T00:00:00.000
Tempe,, , ,2021,9,3, ,600287.95,74154.49,299301.95,115.63,5755.52,1051.93,171511,42877728,16386,300743,75166692,28733,9683,2420026,925,481936,120464446,2452045,285.689,6,2021-09-03T00:00:00.000
Tempe,, , ,2021,9,4, ,589888.35,70813.71,291236,110.03,5617.65,1026.73,168540,42134899,16102,292638,73141009,27959,9214,2302808,880,470391,117578716,2386519,281.845,7,2021-09-04T00:00:00.000
Tempe,, , ,2021,9,5, ,557472.65,70348.64,289066.32,108.48,5479.45,1001.47,159278,39819491,15217,290458,72596117,27750,9084,2270360,868,458820,114685968,2366050,264.507,1,2021-09-05T00:00:00.000
Tempe,, , ,2021,9,6, ,546549.45,71139.48,294187.28,109.78,5504.94,1006.13,156157,39039262,14919,295604,73882192,28242,9193,2297596,878,460953,115219050,2405969,258.159,2,2021-09-06T00:00:00.000
Tempe,, , ,2021,9,7, ,649298.85,70503.91,328689.8,107.44,6267.22,1145.45,185514,46378508,17724,330272,82547156,31554,8996,2248504,860,524783,131174168,2691852,314.296,3,2021-09-07T00:00:00.000
Tempe,, , ,2021,9,8, ,650821.42,68996.94,335511.88,106.92,6353.76,1161.27,185949,46487263,17765,337127,84260452,32209,8953,2237665,855,532029,132985381,2746574,315.936,4,2021-09-08T00:00:00.000
Tempe,, , ,2021,9,9, ,618174.92,69831.09,296301.86,108.92,5773.84,1055.28,176621,44155369,16874,297729,74413250,28445,9120,2279466,871,483470,120848085,2429761,297.687,5,2021-09-09T00:00:00.000
Tempe,, , ,2021,9,10, ,586997.62,70858.62,274998.29,108.32,5411.22,989.01,167714,41928419,16023,276322,69063070,26400,9070,2266989,867,453106,113258477,2256340,280.26,6,2021-09-10T00:00:00.000
Tempe,, , ,2021,9,11, ,585178.95,67030.23,282880.37,106.74,5498.02,1004.87,167194,41798513,15974,284242,71042577,27157,8938,2233947,854,460374,115075037,2319222,281.351,7,2021-09-11T00:00:00.000
Tempe,, , ,2021,9,12, ,525004.5,71556.42,251296.83,108.3,4915.26,898.36,150001,37500336,14331,252507,63110687,24124,9069,2266630,866,411577,102877653,2060778,246.218,1,2021-09-12T00:00:00.000
Tempe,, , ,2021,9,13, ,556781.38,71224.63,264682.49,108.05,5184.06,947.49,159080,39770114,15198,265957,66472361,25410,9048,2261320,864,434085,108503796,2170913,263.66,2,2021-09-13T00:00:00.000
Tempe,, , ,2021,9,14, ,578959.9,73016.32,266082.59,109.43,5277.92,964.64,165417,41354295,15804,267364,66823981,25544,9163,2290280,875,441944,110468556,2184243,274.724,3,2021-09-14T00:00:00.000
Tempe,, , ,2021,9,15, ,550085,69237.92,248154.6,112.2,4967.02,907.82,157167,39291801,15016,249349,62321546,23823,9395,2348077,898,415911,103961424,2038048,261.093,4,2021-09-15T00:00:00.000
Tempe,, , ,2021,9,16, ,555789.13,76142.47,246107.77,114.19,4963.91,907.26,158797,39699239,15171,247293,61807506,23626,9562,2389790,914,415651,103896535,2022222,260.444,5,2021-09-16T00:00:00.000
Tempe,, , ,2021,9,17, ,546963.87,50094.65,254409.53,102.16,5021.4,917.76,156275,39068864,14930,255635,63892409,24423,8555,2138117,817,420465,105099390,2087787,269.802,6,2021-09-17T00:00:00.000
Tempe,, , ,2021,9,18, ,565403.37,51177.93,273960.31,89.86,5306.62,969.89,161544,40385972,15434,275279,68802394,26300,7525,1880720,719,444348,111069086,2245962,279.223,7,2021-09-18T00:00:00.000
Tempe,, , ,2021,9,19, ,526270.75,76389.13,260612.69,89.93,5012.99,916.22,150363,37590783,14366,261868,65450272,25019,7530,1881988,719,419760,104923043,2135424,244.286,1,2021-09-19T00:00:00.000
Tempe,, , ,2021,9,20, ,499219.38,79793.46,225744.6,91.34,4503.68,823.14,142634,35658541,13627,226832,56693499,21671,7648,1911546,731,377114,94263586,1853884,227.748,2,2021-09-20T00:00:00.000
Tempe,, , ,2021,9,21, ,516244.42,79077.82,220094.24,93.5,4496.13,821.76,147498,36874617,14092,221154,55274468,21129,7829,1956742,748,376481,94105827,1810316,237.383,3,2021-09-21T00:00:00.000
Tempe,, , ,2021,9,22, ,527540.45,76948.11,234614.64,92.21,4707.63,860.41,150726,37681476,14400,235744,58921119,22523,7721,1929807,738,394191,98532402,1927563,244.679,4,2021-09-22T00:00:00.000
Tempe,, , ,2021,9,23, ,542882.62,73342.99,249414.93,92.25,4937.62,902.45,155109,38777346,14819,250616,62638066,23944,7724,1930635,738,413450,103346047,2047438,254.961,5,2021-09-23T00:00:00.000
Tempe,, , ,2021,9,24, ,506426.15,42022.41,223508.81,96.58,4506.68,823.69,144693,36173311,13824,224585,56132003,21457,8087,2021249,773,377365,94326563,1836690,252.169,6,2021-09-24T00:00:00.000
Tempe,, , ,2021,9,25, ,503650.6,72222.67,226631.01,96.14,4534.24,828.72,143900,35975057,13748,227722,56916111,21757,8050,2012013,769,379672,94903181,1861401,234.259,7,2021-09-25T00:00:00.000
Tempe,, , ,2021,9,26, ,459397.6,11612.23,220219.25,102.18,4312.35,788.16,131256,32814127,12540,221280,55305863,21141,8556,2138554,817,361092,90258545,1805859,243.159,1,2021-09-26T00:00:00.000
Tempe,, , ,2021,9,27, ,497944.73,50315.61,231838.85,103.85,4584.98,837.99,142270,35567495,13592,232955,58224009,22257,8696,2173433,831,383921,95964937,1902517,243.068,2,2021-09-27T00:00:00.000
Tempe,, , ,2021,9,28, ,550517.57,70636.69,242880.16,99.41,4892.41,894.19,157291,39322700,15027,244050,60996923,23316,8324,2080437,795,409664,102400060,1995893,260.591,3,2021-09-28T00:00:00.000
Tempe,, , ,2021,9,29, ,512051.95,56727.99,220706.4,99.83,4495.51,821.65,146301,36575154,13977,221769,55428205,21188,8360,2089373,799,376429,94092732,1814811,247.244,4,2021-09-29T00:00:00.000
Tempe,, , ,2021,9,30, ,498887.53,73642.43,193257.68,102.57,4123.94,753.74,142539,35634837,13618,194188,48534735,18553,8588,2146577,821,345316,86316150,1593959,230.905,5,2021-09-30T00:00:00.000
Tempe,, , ,2021,10,1, ,470377.23,78770.16,174995.44,101.46,3806.4,695.7,134393,33598387,12840,175838,43948355,16800,8496,2123353,812,318727,79670095,1445124,212.647,6,2021-10-01T00:00:00.000
Tempe,, , ,2021,10,2, ,460441.03,72934.56,170757.81,98.64,3718.82,679.7,131555,32888658,12569,171580,42884118,16393,8259,2064340,789,311394,77837116,1410269,210.412,7,2021-10-02T00:00:00.000
Tempe,, , ,2021,10,3, ,448103.35,67295.4,181695.83,95.44,3804.78,695.4,128030,32007395,12232,182571,45631090,17443,7991,1997371,764,318592,79635856,1496588,206.782,1,2021-10-03T00:00:00.000
Tempe,, , ,2021,10,4, ,480301.82,54487.5,206664.47,94.05,4212.89,769.99,137229,34307287,13111,207660,51901715,19840,7876,1968388,752,352764,88177390,1699428,231.223,2,2021-10-04T00:00:00.000
Tempe,, , ,2021,10,5, ,511288.2,36522.74,218943.08,100.25,4472.16,817.38,146082,36520600,13957,219997,54985365,21019,8394,2098084,802,374474,93604049,1800631,257.799,3,2021-10-05T00:00:00.000
Tempe,, , ,2021,10,6, ,486829.47,61854.13,190327.52,100.93,4045.99,739.49,139094,34773548,13289,191244,47798853,18271,8451,2112206,807,338789,84684607,1569360,230.767,4,2021-10-06T00:00:00.000
Tempe,, , ,2021,10,7, ,486906,50425.25,182115.01,96.87,3943.64,720.79,139116,34779014,13291,182992,45736364,17483,8111,2027283,775,330219,82542661,1503667,237.011,5,2021-10-07T00:00:00.000
Tempe,, , ,2021,10,8, ,479297.18,52569.82,185780.07,95.78,3960.57,723.88,136942,34235526,13083,186675,46656806,17835,8020,2004466,766,331637,82896799,1532257,231.712,6,2021-10-08T00:00:00.000
Tempe,, , ,2021,10,9, ,450732.95,51285.81,156480.98,99.88,3515.62,642.56,128781,32195224,12304,157234,39298633,15022,8363,2090330,799,294379,73584187,1295123,216.868,7,2021-10-09T00:00:00.000
Tempe,, , ,2021,10,10, ,380051.42,63181.39,130725.99,113.99,2979.49,544.57,108586,27146541,10374,131355,32830524,12550,9545,2385596,912,249486,62362662,1082300,172.056,1,2021-10-10T00:00:00.000
Tempe,, , ,2021,10,11, ,391722.42,62942.49,138342.95,111.1,3107.82,568.03,111921,27980184,10693,139009,34743448,13281,9303,2325072,889,260232,65048705,1144355,178.53,2,2021-10-11T00:00:00.000
Tempe,, , ,2021,10,12, ,383383.1,62417.36,99093.3,147.42,2644.69,483.39,109538,27384518,10465,99570,24886291,9513,12344,3085186,1179,221452,55355995,829562,174.29,3,2021-10-12T00:00:00.000
Tempe,, , ,2021,10,13, ,382943.3,63953.15,103515.64,143.63,2692.48,492.12,109412,27353104,10453,104014,25996919,9938,12027,3006023,1149,225454,56356046,864898,173.208,4,2021-10-13T00:00:00.000
Tempe,, , ,2021,10,14, ,383004.45,70002.9,109311.9,131.28,2749.89,502.61,109430,27357472,10455,109838,27452589,10494,10993,2747534,1050,230261,57557595,911273,169.968,5,2021-10-14T00:00:00.000
Tempe,, , ,2021,10,15, ,399517.6,76670.18,121802.61,127.4,2952.24,539.59,114148,28536983,10906,122389,30589506,11693,10667,2666183,1019,247204,61792672,1012783,175.312,6,2021-10-15T00:00:00.000
Tempe,, , ,2021,10,16, ,415168.35,73501.35,141184.97,118.64,3229.47,590.26,118620,29654894,11333,141865,35457195,13554,9934,2482955,949,270419,67595043,1169343,185.531,7,2021-10-16T00:00:00.000
Tempe,, , ,2021,10,17, ,402681.75,60907.41,147173.76,106.34,3246.43,593.36,115052,28762994,10992,147882,36961217,14129,8904,2225424,851,271838,67949635,1216053,185.583,1,2021-10-17T00:00:00.000
Tempe,, , ,2021,10,18, ,417874.7,58806.68,146168.79,106.99,3286.86,600.75,119393,29848205,11407,146873,36708830,14032,8958,2239046,856,275224,68796081,1209472,194.977,2,2021-10-18T00:00:00.000
Tempe,, , ,2021,10,19, ,410059.3,68530.62,131790.18,115.38,3096.05,565.88,117160,29289962,11193,132425,33097786,12652,9662,2414777,923,259246,64802524,1093694,185.453,3,2021-10-19T00:00:00.000
Tempe,, , ,2021,10,20, ,411498.55,66489.2,136656.66,115.3,3159.28,577.43,117571,29392765,11233,137315,34319953,13119,9655,2413133,922,264541,66125852,1132764,187.334,4,2021-10-20T00:00:00.000
Tempe,, , ,2021,10,21, ,415324.88,68306.46,144730.92,109.66,3263.58,596.49,118664,29666074,11337,145428,36347722,13894,9182,2295018,877,273274,68308815,1197725,188.428,5,2021-10-21T00:00:00.000
Tempe,, , ,2021,10,22, ,416149.22,56300.75,142405.84,109.16,3237.99,591.82,118900,29724957,11360,143092,35763804,13671,9141,2284555,873,271132,67773315,1179203,195.404,6,2021-10-22T00:00:00.000
Tempe,, , ,2021,10,23, ,396966.5,53058.65,127335.71,109.23,2991.76,546.82,113419,28354761,10836,127949,31979091,12224,9146,2285964,874,250514,62619817,1056801,186.749,7,2021-10-23T00:00:00.000
Tempe,, , ,2021,10,24, ,384867.88,59083.52,131963.47,108.49,3005.28,549.28,109962,27490573,10506,132599,33141306,12668,9084,2270526,868,251646,62902406,1092662,176.905,1,2021-10-24T00:00:00.000
Tempe,, , ,2021,10,25, ,419087.6,64900.85,159698.23,108.3,3454.66,631.42,119739,29934841,11440,160467,40106614,15331,9068,2266532,866,289275,72307987,1317824,192.322,2,2021-10-25T00:00:00.000
Tempe,, , ,2021,10,26, ,410902.75,69240.5,126804.21,125.94,3049.65,557.4,117401,29350208,11216,127415,31845609,12173,10545,2635671,1007,255361,63831488,1053889,185.521,3,2021-10-26T00:00:00.000
Tempe,, , ,2021,10,27, ,382937.93,67213.22,114701.5,134.12,2817.18,514.91,109411,27352720,10453,115254,28806134,11011,11230,2806898,1073,235895,58965752,954383,171.438,4,2021-10-27T00:00:00.000
Tempe,, , ,2021,10,28, ,406611.65,67599.2,132693.26,128.03,3107.76,568.02,116175,29043701,11099,133332,33324585,12739,10720,2679445,1024,260227,65047731,1100589,184.082,5,2021-10-28T00:00:00.000
Tempe,, , ,2021,10,29, ,414169.82,63909.65,153098.76,119.05,3369.44,615.84,118334,29583571,11306,153836,38449222,14697,9968,2491477,952,282139,70524270,1264557,190.183,6,2021-10-29T00:00:00.000
Tempe,, , ,2021,10,30, ,407685.12,60553.89,134073.06,116.41,3116.36,569.59,116481,29120378,11129,134719,33671108,12871,9747,2436179,931,260947,65227665,1111729,188.493,7,2021-10-30T00:00:00.000
Tempe,, , ,2021,10,31, ,377738.67,60910.54,132747.89,114.59,2996.46,547.67,107925,26981345,10311,133387,33338306,12744,9595,2398118,917,250907,62717769,1098253,172.032,1,2021-10-31T00:00:00.000
Tempe,, , ,2021,11,1, ,342681.48,56757.38,141202.07,117.59,2981.3,544.89,97909,24477258,9354,141882,35461489,13555,9847,2461033,941,249638,62399780,1162521,155.254,2,2021-11-01T00:00:00.000
Tempe,, , ,2021,11,2, ,358619.97,52427.93,137577.94,121.62,2996.22,547.62,102463,25615723,9789,138240,34551323,13207,10184,2545330,973,250887,62712376,1135059,166.265,3,2021-11-02T00:00:00.000
Tempe,, , ,2021,11,3, ,352498.25,58897.65,136480.84,121.15,2961.69,541.31,100714,25178456,9622,137138,34275797,13102,10144,2535388,969,247996,61989641,1125694,159.434,4,2021-11-03T00:00:00.000
Tempe,, , ,2021,11,4, ,353665.15,57839.4,144734.52,120.47,3064.04,560.02,101047,25261807,9654,145431,36348627,13895,10087,2521221,964,256566,64131655,1191835,160.629,5,2021-11-04T00:00:00.000
Tempe,, , ,2021,11,5, ,379435.4,55964.34,145363.77,118.28,3157.34,577.07,108410,27102539,10357,146064,36506658,13955,9904,2475464,946,264378,66084662,1199343,175.645,6,2021-11-05T00:00:00.000
Tempe,, , ,2021,11,6, ,407641.37,56753.31,136001.79,116.75,3139.7,573.85,116469,29117253,11127,136657,34155489,13056,9776,2443405,934,262902,65716147,1127155,190.528,7,2021-11-06T00:00:00.000
Tempe,, , ,2021,11,7, ,380067.38,48206.47,128558.5,119.69,2959.24,540.87,108591,27147681,10375,129178,32286182,12342,10022,2504988,958,247791,61938851,1064962,180.203,1,2021-11-07T00:00:00.000
Tempe,, , ,2021,11,8, ,481801.57,56208.36,135182.95,121.17,3387.34,619.12,137658,34414412,13152,135834,33949845,12978,10146,2535968,969,283638,70900225,1127724,231.095,2,2021-11-08T00:00:00.000
Tempe,, , ,2021,11,9, ,487700.47,45580.98,121431.96,125.56,3246.85,593.45,139343,34835762,13313,122017,30496424,11657,10514,2627851,1005,271874,67960037,1018283,240.074,3,2021-11-09T00:00:00.000
Tempe,, , ,2021,11,10, ,485796.03,54976.81,119572.51,124.22,3216.69,587.94,138799,34699730,13261,120148,30029440,11479,10401,2599712,994,269349,67328882,1003225,233.937,4,2021-11-10T00:00:00.000
Tempe,, , ,2021,11,11, ,466219.47,56842.16,118845.1,123.96,3140.91,574.08,133206,33301404,12726,119417,29846758,11409,10380,2594227,992,263002,65742390,995526,222.293,5,2021-11-11T00:00:00.000
Tempe,, , ,2021,11,12, ,480868.8,56601.49,135661.07,132.09,3400.82,621.59,137391,34347785,13126,136314,34069922,13023,11061,2764524,1057,284766,71182231,1131461,230.378,6,2021-11-12T00:00:00.000
Tempe,, , ,2021,11,13, ,406402.67,54639.45,125923.87,132.61,3030.4,553.88,116115,29028774,11094,126530,31624521,12089,11104,2775290,1061,253749,63428585,1046415,191.012,7,2021-11-13T00:00:00.000
Tempe,, , ,2021,11,14, ,381123.15,54104.33,117780.84,133.12,2846.93,520.35,108892,27223093,10404,118348,29579480,11307,11147,2785934,1065,238387,59588507,978844,177.574,1,2021-11-14T00:00:00.000
Tempe,, , ,2021,11,15, ,390133,53275.57,126620.71,138.3,2988.93,546.3,111467,27866654,10649,127230,31799526,12156,11580,2894323,1106,250277,62560504,1050428,182.915,2,2021-11-15T00:00:00.000
Tempe,, , ,2021,11,16, ,394453.65,39880.98,113914.1,133.28,2846.18,520.21,112701,28175272,10767,114463,28608388,10936,11160,2789352,1066,238324,59573011,949190,192.522,3,2021-11-16T00:00:00.000
Tempe,, , ,2021,11,17, ,384740.6,43519.53,107290.15,149.06,2749.33,502.51,109926,27481482,10502,107807,26944847,10300,12481,3119583,1192,230214,57545912,895267,185.281,4,2021-11-17T00:00:00.000
Tempe,, , ,2021,11,18, ,387712.28,49687.4,111386.96,142.82,2802.39,512.21,110775,27693745,10583,111923,27973721,10693,11959,2989007,1143,234657,58656473,928326,183.544,5,2021-11-18T00:00:00.000
Tempe,, , ,2021,11,19, ,391836.63,45159.41,117105.69,137.78,2880.05,526.4,111953,27988342,10696,117670,29409924,11242,11537,2883491,1102,241160,60281757,974472,188.259,6,2021-11-19T00:00:00.000
Tempe,, , ,2021,11,20, ,378796.85,44986.39,103541.76,136.29,2671.3,488.25,108228,27056929,10340,104040,26003477,9940,11412,2852305,1090,223680,55912711,864709,181.261,7,2021-11-20T00:00:00.000
Tempe,, , ,2021,11,21, ,365896.35,44027.96,109451.48,134.39,2696.29,492.81,104542,26135464,9988,109978,27487645,10507,11253,2812462,1075,225773,56435571,910748,174.775,1,2021-11-21T00:00:00.000
Tempe,, , ,2021,11,22, ,383905.43,37666.29,121832.15,137.34,2909.26,531.74,109687,27421827,10479,122419,30596926,11696,11500,2874278,1099,243606,60893031,1011522,188.015,2,2021-11-22T00:00:00.000
Tempe,, , ,2021,11,23, ,399754.2,19188.83,121626.31,133.19,2956.73,540.41,114215,28553883,10912,122212,30545233,11676,11153,2787523,1066,247580,61886639,1011396,206.65,3,2021-11-23T00:00:00.000
Tempe,, , ,2021,11,24, ,381226.65,34802.68,105110.69,134.11,2696.24,492.81,108922,27230486,10406,105617,26397499,10091,11230,2806808,1073,225769,56434793,877493,188.113,4,2021-11-24T00:00:00.000
Tempe,, , ,2021,11,25, ,336516.7,49577.47,90545.5,142.36,2377.15,434.48,96148,24036917,9186,90981,22739598,8692,11920,2979342,1139,199049,49755857,756681,155.799,5,2021-11-25T00:00:00.000
Tempe,, , ,2021,11,26, ,331400.4,49457.24,88904.74,135.13,2332.77,426.37,94686,23671467,9046,89333,22327538,8535,11315,2827952,1081,195333,48826956,743063,153.097,6,2021-11-26T00:00:00.000
Tempe,, , ,2021,11,27, ,356271.63,48056.45,85847.56,137.27,2383.09,435.58,101792,25447983,9725,86261,21559757,8241,11495,2872938,1098,199547,49880679,720993,167.351,7,2021-11-27T00:00:00.000
Tempe,, , ,2021,11,28, ,342466.78,47848.31,88488.49,141.57,2371.98,433.54,97848,24461922,9348,88915,22222999,8495,11855,2962931,1133,198617,49647853,740796,159.976,1,2021-11-28T00:00:00.000
Tempe,, , ,2021,11,29, ,370877.9,47655.63,106251.52,142.01,2682.51,490.3,105965,26491289,10124,106763,26684006,10200,11891,2971952,1136,224619,56147247,885627,175.51,2,2021-11-29T00:00:00.000
Tempe,, , ,2021,11,30, ,386934.93,32277.53,97186.23,146.77,2633.28,481.3,110553,27638220,10562,97654,24407350,9330,12289,3071561,1174,220496,55117131,814647,192.579,3,2021-11-30T00:00:00.000
Tempe,, , ,2021,12,1, ,385568.33,42646,106769.85,144.97,2741.82,501.14,110162,27540606,10525,107284,26814180,10250,12139,3033901,1160,229585,57388686,891184,186.211,4,2021-12-01T00:00:00.000
Tempe,, , ,2021,12,2, ,395163.08,44060.39,113815.48,136.5,2850.64,521.03,112904,28225945,10787,114364,28583621,10926,11430,2856788,1092,238697,59666354,948469,190.654,5,2021-12-02T00:00:00.000
Tempe,, , ,2021,12,3, ,392239.92,44287.46,105465.52,134.6,2738.56,500.54,112069,28017149,10707,105973,26486611,10125,11271,2816959,1077,229313,57320718,881389,188.933,6,2021-12-03T00:00:00.000
Tempe,, , ,2021,12,4, ,374726.65,44944.06,91744.29,139.21,2518.77,460.37,107065,26766200,10229,92186,23040661,8807,11657,2913525,1114,210908,52720386,769939,179.074,7,2021-12-04T00:00:00.000
Tempe,, , ,2021,12,5, ,344056.97,46226,82629.32,145.55,2311.07,422.41,98302,24575508,9392,83027,20751526,7932,12187,3046083,1164,193517,48373118,694075,161.704,1,2021-12-05T00:00:00.000
Tempe,, , ,2021,12,6, ,352202.83,43387.74,86957.81,149.37,2394.63,437.68,100629,25157355,9614,87377,21838584,8348,12508,3126136,1195,200514,50122075,729486,167.69,2,2021-12-06T00:00:00.000
Tempe,, , ,2021,12,7, ,370626.17,26154.84,86304.52,150.27,2450.55,447.9,105893,26473309,10117,86720,21674517,8285,12582,3144811,1202,205196,51292637,726028,187.047,3,2021-12-07T00:00:00.000
Tempe,, , ,2021,12,8, ,365648.25,24018.01,82581.48,150.34,2388.96,436.65,104471,26117743,9981,82979,20739513,7928,12589,3146426,1203,200039,50003682,695766,185.509,4,2021-12-08T00:00:00.000
Tempe,, , ,2021,12,9, ,361223.02,37940.08,82662.91,146.9,2371.4,433.44,103207,25801655,9860,83061,20759963,7936,12301,3074419,1175,198568,49636037,695992,175.536,5,2021-12-09T00:00:00.000
Tempe,, , ,2021,12,10, ,351796.7,43963.31,68824.63,153.77,2180.04,398.47,100513,25128346,9603,69156,17284618,6607,12876,3218101,1230,182545,45631065,584382,167.154,6,2021-12-10T00:00:00.000
Tempe,, , ,2021,12,11, ,326775.53,51901.64,57896.61,167.42,1977.18,361.39,93364,23341118,8920,58175,14540155,5558,14019,3503841,1339,165559,41385114,494558,149.257,7,2021-12-11T00:00:00.000
Tempe,, , ,2021,12,12, ,311566.78,50649.17,62522.6,160.13,1973.51,360.72,89019,22254779,8505,62824,15701926,6002,13409,3351333,1281,165251,41308038,530105,141.686,1,2021-12-12T00:00:00.000
Tempe,, , ,2021,12,13, ,326430.25,40085.36,67850.21,155.78,2083.81,380.88,93266,23316456,8911,68177,17039901,6514,13044,3260208,1246,174487,43616565,574152,155.49,2,2021-12-13T00:00:00.000
Tempe,, , ,2021,12,14, ,354784.47,38975.02,77873.09,139.72,2284.77,417.61,101367,25341758,9685,78248,19557048,7476,11699,2924101,1118,191314,47822908,657055,171.489,3,2021-12-14T00:00:00.000
Tempe,, , ,2021,12,15, ,327558.43,49974.35,51472.23,188.36,1923.7,351.62,93588,23397040,8941,51720,12926736,4941,15772,3942074,1507,161080,40265850,443240,150.73,4,2021-12-15T00:00:00.000
Tempe,, , ,2021,12,16, ,321805.38,49182.54,50197.56,192.71,1893.13,346.03,91944,22986107,8784,50439,12606615,4819,16137,4033130,1542,158520,39625853,432491,148.032,5,2021-12-16T00:00:00.000
Tempe,, , ,2021,12,17, ,324261.32,48345.74,48515.04,187.69,1876.29,342.95,92646,23161532,8851,48749,12184066,4657,15716,3927983,1501,157111,39273582,419266,149.819,6,2021-12-17T00:00:00.000
Tempe,, , ,2021,12,18, ,317359.8,51610.93,51473.35,188.45,1889.01,345.27,90674,22668566,8663,51721,12927018,4941,15780,3944024,1508,158175,39539608,442270,144.293,7,2021-12-18T00:00:00.000
Tempe,, , ,2021,12,19, ,304691.27,49624.16,57178.42,175.49,1901.28,347.51,87055,21763671,8317,57454,14359788,5489,14695,3672715,1404,159203,39796175,486693,138.492,1,2021-12-19T00:00:00.000
Tempe,, , ,2021,12,20, ,320182.33,50182.11,60716.56,176.35,1997.46,365.09,91481,22870175,8740,61009,15248356,5829,14767,3690701,1411,167256,41809232,516485,146.604,2,2021-12-20T00:00:00.000
Tempe,, , ,2021,12,21, ,321820.97,15060.34,58765.46,175.02,1978.3,361.59,91949,22987222,8785,59048,14758358,5641,14655,3662791,1400,165652,41408371,501034,166.568,3,2021-12-21T00:00:00.000
Tempe,, , ,2021,12,22, ,315728.45,43790.18,65191.99,166.84,2026.45,370.39,90208,22552041,8618,65506,16372317,6258,13970,3491618,1335,169684,42415976,551860,147.655,4,2021-12-22T00:00:00.000
Tempe,, , ,2021,12,23, ,329892.55,38734.89,75322.64,155.06,2184.57,399.29,94255,23563763,9005,75685,18916527,7231,12984,3245186,1240,182924,45725476,634263,158.091,5,2021-12-23T00:00:00.000
Tempe,, , ,2021,12,24, ,314984.7,7789.35,64574.38,161.86,2011.52,367.66,89996,22498916,8598,64885,16217210,6199,13553,3387460,1295,168434,42103587,546847,166.817,6,2021-12-24T00:00:00.000
Tempe,, , ,2021,12,25, ,309556.2,16724.79,66260.13,166.57,2017.94,368.83,88445,22111166,8450,66579,16640568,6361,13947,3485942,1333,168971,42237677,559812,158.999,7,2021-12-25T00:00:00.000
Tempe,, , ,2021,12,26, ,310051.12,37030.05,59477.78,164.37,1936.04,353.87,88586,22146518,8463,59764,14937249,5710,13764,3440022,1315,162114,40523789,505601,148.259,1,2021-12-26T00:00:00.000
Tempe,, , ,2021,12,27, ,291304.35,15484.95,47684.08,175.42,1741.6,318.33,83230,20807462,7952,47914,11975379,4578,14689,3671238,1403,145832,36454078,409453,149.764,2,2021-12-27T00:00:00.000
Tempe,, , ,2021,12,28, ,311220.55,25378.63,46008.48,193.13,1807.16,330.32,88920,22230048,8495,46230,11554570,4417,16172,4041980,1545,151322,37826598,397962,155.216,3,2021-12-28T00:00:00.000
Tempe,, , ,2021,12,29, ,305057.15,42671.58,49406.87,191.29,1825.07,333.59,87159,21789805,8327,49645,12408042,4743,16017,4003349,1530,152821,38201196,424557,142.491,4,2021-12-29T00:00:00.000
Tempe,, , ,2021,12,30, ,310270.13,26513.26,50754.9,189.09,1856.84,339.39,88649,22162161,8469,50999,12746586,4872,15834,3957404,1513,155481,38866150,435842,154.078,5,2021-12-30T00:00:00.000
Tempe,, , ,2021,12,31, ,304469.6,13184.49,53376.88,170.09,1849.5,338.05,86991,21747837,8311,53634,13405070,5124,14242,3559676,1361,154867,38712583,456259,158.169,6,2021-12-31T00:00:00.000
